country_175,country_14_code,country_14_name
Afghanistan,AFG,Afghanistan
Albania,ALB,Albania
Algeria,DZA,Algeria
Angola,AGO,Angola
Argentina,ARG,Argentina
Armenia,ARM,Armenia
Australia,AUS,Australia
Austria,AUT,Austria
Azerbaijan,AZE,Azerbaijan
Bahamas,BHS,Bahamas
Bahrain,BHR,Bahrain
Bangladesh,BGD,Bangladesh
Belarus,BLR,Belarus
Belgium,BEL,Belgium
Belize,BLZ,Belize
Benin,BEN,Benin
Bhutan,BTN,Bhutan
Bolivia (Plurinational State of),BOL,Bolivia
Bosnia and Herzegovina,BIH,Bosnia and Herzegovina
Botswana,BWA,Botswana
Brazil,BRA,Brazil
Brunei Darussalam,BRN,Brunei Darussalam
Bulgaria,BGR,Bulgaria
Burkina Faso,BFA,Burkina Faso
Burundi,BDI,Burundi
Cambodia,KHM,Cambodia
Cameroon,CMR,Cameroon
Canada,CAN,Canada
Central African Republic,CAF,Central African Republic
Chad,TCD,Chad
Chile,CHL,Chile
"China, mainland",CHN,China
"China, Taiwan Province of",CHN,China
Colombia,COL,Colombia
Congo,COG,Rep Congo
Costa Rica,CRI,Costa Rica
Cote d'Ivoire,CIV,Cote d'Ivoire
Croatia,HRV,Croatia
Cuba,CUB,Cuba
Cyprus,CYP,Cyprus
Czechia,CZE,Czech Republic
Czechoslovakia,CZE,Czech Republic
Democratic People's Republic of Korea,PRK,North Korea
Democratic Republic of the Congo,COD,DR Congo
Denmark,DNK,Denmark
Djibouti,DJI,Djibouti
Dominican Republic,DOM,Dominican Republic
Ecuador,ECU,Ecuador
Egypt,EGY,Egypt
El Salvador,SLV,El Salvador
Equatorial Guinea,GNQ,Equatorial Guinea
Eritrea,ERI,Eritrea
Eswatini,XAF,Rest of Africa
Estonia,EST,Estonia
Ethiopia,ETH,Ethiopia
Ethiopia PDR,ETH,Ethiopia
Fiji,XAS,Rest of Asia-Pacific
Finland,FIN,Finland
France,FRA,France
French Guyana,XAM,Rest of Americas
Gabon,GAB,Gabon
Gambia,GMB,Gambia
Georgia,GEO,Georgia
Germany,DEU,Germany
Ghana,GHA,Ghana
Greece,GRC,Greece
Guatemala,GTM,Guatemala
Guinea,GIN,Guinea
Guinea-Bissau,XAF,Rest of Africa
Guyana,XAM,Rest of Americas
Haiti,HTI,Haiti
Honduras,HND,Honduras
Hungary,HUN,Hungary
Iceland,ISL,Iceland
India,IND,India
Indonesia,IDN,Indonesia
Iran (Islamic Republic of),IRN,Iran
Iraq,IRQ,Iraq
Ireland,IRL,Ireland
Israel,ISR,Israel
Italy,ITA,Italy
Jamaica,JAM,Jamaica
Japan,JPN,Japan
Jordan,JOR,Jordan
Kazakhstan,KAZ,Kazakhstan
Kenya,KEN,Kenya
Kuwait,KWT,Kuwait
Kyrgyzstan,KGZ,Kyrgyzstan
Lao People's Democratic Republic,LAO,Laos
Latvia,LVA,Latvia
Lebanon,LBN,Lebanon
Lesotho,XAF,Rest of Africa
Liberia,LBR,Liberia
Libya,LBY,Libya
Lithuania,LTU,Lithuania
Luxembourg,LUX,Luxembourg
Madagascar,MDG,Madagascar
Malawi,MWI,Malawi
Malaysia,MYS,Malaysia
Mali,MLI,Mali
Mauritania,MRT,Mauritania
Mauritius,XAF,Rest of Africa
Mexico,MEX,Mexico
Mongolia,MNG,Mongolia
Montenegro,XEU,Rest of Europe
Morocco,MAR,Morocco
Mozambique,MOZ,Mozambique
Myanmar,MMR,Myanmar
Namibia,NAM,Namibia
Nepal,NPL,Nepal
Netherlands,NLD,Netherlands
New Zealand,NZL,New Zealand
Nicaragua,NIC,Nicaragua
Niger,NER,Niger
Nigeria,NGA,Nigeria
North Macedonia,MKD,North Macedonia
Norway,NOR,Norway
Oman,OMN,Oman
Pakistan,PAK,Pakistan
Palestine,PSE,Palestine
Panama,PAN,Panama
Papua New Guinea,PNG,Papua New Guinea
Paraguay,PRY,Paraguay
Peru,PER,Peru
Philippines,PHL,Philippines
Poland,POL,Poland
Portugal,PRT,Portugal
Qatar,QAT,Qatar
Republic of Korea,KOR,South Korea
Republic of Moldova,MDA,Moldova
Romania,ROU,Romania
Russian Federation,RUS,Russia
Rwanda,RWA,Rwanda
Saudi Arabia,SAU,Saudi Arabia
Senegal,SEN,Senegal
Serbia,SRB,Serbia
Sierra Leone,SLE,Sierra Leone
Singapore,SGP,Singapore
Slovakia,SVK,Slovakia
Slovenia,SVN,Slovenia
Solomon Islands,XAS,Rest of Asia-Pacific
Somalia,SOM,Somalia
South Africa,ZAF,South Africa
Spain,ESP,Spain
Sri Lanka,LKA,Sri Lanka
Sudan,SDN,Sudan
Suriname,XAM,Rest of Americas
Sweden,SWE,Sweden
Switzerland,CHE,Switzerland
Syrian Arab Republic,SYR,Syria
Tajikistan,TJK,Tajikistan
Thailand,THA,Thailand
Timor-Leste,XAS,Rest of Asia-Pacific
Togo,TGO,Togo
Trinidad and Tobago,XAM,Rest of Americas
Tunisia,TUN,Tunisia
Turkiye,TUR,Turkey
Turkmenistan,TKM,Turkmenistan
Uganda,UGA,Uganda
Ukraine,UKR,Ukraine
United Arab Emirates,ARE,United Arab Emirates
United Kingdom of Great Britain and Northern Ireland,GBR,United Kingdom
United Republic of Tanzania,TZA,Tanzania
United States of America,USA,United States of America
Uruguay,URY,Uruguay
USSR,RUS,Russia
Uzbekistan,UZB,Uzbekistan
Vanuatu,XAS,Rest of Asia-Pacific
Venezuela (Bolivarian Republic of),VEN,Venezuela
Viet Nam,VNM,Vietnam
Yemen,YEM,Yemen
Zambia,ZMB,Zambia
Zimbabwe,ZWE,Zimbabwe
