year,our_total_Mm3,gloria_total_Mm3,ratio_our_over_gloria_total,country_ratio_n_total,country_ratio_median,country_ratio_p25,country_ratio_p75,country_ratio_n_within_2x,pearson_cell,pearson_country,pearson_country_log1p,spearman_cell,spearman_country,rmse_cell_Mm3,mape_cell_pct
1995,29369124.635424066,24820300.598176256,1.1832703040503083,151,1.372514469551242,0.42665485553812954,4.586762254930489,49,0.7724527866973208,0.9725135724376041,0.8218698897898975,0.5099293395152094,0.8200346339420639,66034.6245902756,87193.6959200419
1996,29516744.666529726,26331196.957643848,1.1209799810472014,152,1.1788652249784664,0.3276394650609292,3.794846931803212,55,0.7543587400089786,0.9585691945985941,0.8256573426696168,0.5062644655619439,0.8239673496410486,70599.48448701325,102135.57444937529
1997,29734857.29533814,26569159.85043746,1.1191493243565456,152,1.1836681810573668,0.334917459692635,3.896434349509189,47,0.7621553765328369,0.9705116888718373,0.8377886885381969,0.511977787063501,0.8373893228962912,74250.43242571685,98007.16584162352
1998,27989878.54613296,26615469.24274598,1.0516394917125713,151,1.204008561156394,0.320826205698319,3.179588840110407,50,0.7579224842418052,0.9577435033919554,0.8415000843549036,0.5124339021774713,0.8388670946646762,71422.19541006348,104453.76466007449
1999,31664865.852630917,26739756.845209572,1.1841867536766206,151,1.303244505017844,0.378822247370379,4.095075703557747,52,0.7729261098176967,0.9679503864401272,0.836223334155161,0.5094336045167559,0.8327903115392469,72259.30889871798,64105.00623238198
2000,34376926.94349508,26004125.64635174,1.3219797277943859,151,1.314566121974859,0.4691292502258329,3.561057855708544,55,0.8186076649955131,0.9777308519593014,0.8503462587611968,0.5141706057531793,0.8401943766105875,64424.756252249485,67166.665400219
2001,34540565.46256885,26348708.66114209,1.310901642535057,151,1.2472412405307227,0.4500521575317272,3.6681402178208806,54,0.8176406894824224,0.9766881332902929,0.8436001042888273,0.5144515159703358,0.8377375865186527,64403.78000361702,71405.7284982951
2002,32710058.79965163,27131138.771845836,1.2056279345559604,151,1.2692316553865666,0.40366285668234714,3.64700875695301,53,0.7570076750956278,0.9689418944897356,0.8447128128158825,0.5170732971171238,0.83767019692758,71922.65136454946,66744.4275379605
2003,32420245.7182612,27367729.752295405,1.1846158235153585,151,1.3841781382765324,0.4977315489013282,3.6089939496300927,50,0.7455892625916333,0.9732092599331811,0.838983251911685,0.5101418146546963,0.8324269937438982,71902.9977069902,61432.81986668719
2004,32557386.192692265,28420440.70739868,1.1455623270548587,152,1.1773041303861933,0.37024642932167723,3.394587669808169,52,0.7642750609748292,0.9752476591908454,0.8530801504103205,0.5115431730051333,0.8476821393218901,72571.95502574,412379.0361894012
2005,33766848.627141155,28925983.5884833,1.1673535153558345,152,1.2237478976625908,0.3339720272167215,3.3954510968163687,49,0.7779108413105782,0.9755159152231856,0.8477221913737712,0.5111445364898335,0.8416699391211132,72270.34705832537,660741.9703338336
2006,35336385.44638552,30059778.17974116,1.1755371325461257,152,1.2582893885230564,0.476568241994378,3.5029164037708145,52,0.7933954295023264,0.9744537676226338,0.8395800446128726,0.5057583947518502,0.837339514220164,74101.68586545424,475125.49155444314
2007,34389476.22060369,31011667.528650638,1.1089205760648764,152,1.174549163161078,0.3311992035257588,2.887692249920245,51,0.7514412277147773,0.9748393358856547,0.8473603511605519,0.5079818585874872,0.8414384752732277,82524.55950326005,854853.1981948785
2008,35462899.86308586,30157189.783719257,1.1759351623084906,152,1.3123468156940814,0.31714191464441766,3.114699961060047,51,0.7887181664015325,0.9705753593999782,0.8343583182813272,0.524354105866566,0.8255963863426234,76310.95322466285,534308.0276980188
2009,34668644.470368944,30488296.51519257,1.1371132018836563,152,1.1281857240903408,0.3642302590583048,3.034803517058325,52,0.7744308131677772,0.9806199081459271,0.8288444089547359,0.5247306927525051,0.8190802395363235,79068.10731685252,480794.13521002186
2010,32360090.848253556,31911527.1032331,1.0140564800791063,152,1.2500000603737513,0.32689781173386634,2.935552905680221,53,0.7743662573843864,0.9777388402095494,0.830419587651201,0.5225743471307184,0.8220629002597108,80482.54097752414,494498.662536196
2011,33616810.97850156,31782126.325645894,1.057726932240377,152,1.075484423653768,0.3753974817685119,2.9414724766688436,50,0.7947165611572189,0.978350430109199,0.8297907827341189,0.5223035026854571,0.8230620037043818,77071.70792571711,365073.05443296325
2012,36364433.59019525,30014129.118194625,1.2115771691057016,152,1.316196825651938,0.4261821552228969,3.43043374478138,53,0.7458676523513442,0.9543512981072259,0.8336911520858759,0.5214294426028709,0.8261325620915231,86054.5915001246,1412389.7166177153
2013,34676876.78182061,29884140.394614615,1.1603772544205317,152,1.5102732878318188,0.4773065486381394,4.031618816929856,50,0.74284790931027,0.9480989772247214,0.8303592000973912,0.519579747776778,0.820433863558136,87632.36086114102,1833371.9334360117
2014,34911318.01951413,28587987.978157572,1.2211883552696274,152,1.3212497925408626,0.4179503470153372,3.9767395035499735,53,0.7158084918795752,0.9571430104522914,0.8341264299626571,0.5214429321856477,0.8257897612028824,87376.7455776359,2249378.120662542
2015,34476951.117257275,29083826.475308493,1.1854338061921605,152,1.3895035153595794,0.540989253945059,3.688301824532954,52,0.715694266918104,0.9592937855948376,0.8327819901845217,0.5182186926033873,0.8225785665537346,90859.2073833196,2775987.5158924833
2016,34390439.627943784,28947173.501735583,1.1880413687326619,152,1.3472305552446768,0.3810587956968433,3.7974110529017975,47,0.7383503310705783,0.9469530802913059,0.8347082033325119,0.5197462774852655,0.8237212361825372,87989.91543546761,2821061.388064592
2017,35387878.23625692,29188246.68898158,1.2124016428028774,152,1.4746676739381146,0.4311071176118191,3.5590238661993197,47,0.742192571003058,0.9649455301232811,0.8313493537037033,0.5186633109677923,0.8232290092655146,86938.45025531104,6616513.958001644
2018,34434701.48887385,28796777.20564652,1.1957831684762916,152,1.282048727435656,0.4454073155092905,4.273911678787884,46,0.7613326919269423,0.9566682141923933,0.815452495993385,0.5077302371229246,0.8089744405863747,83631.37935457671,16242049.172701802
2019,34526634.74822525,29061430.83729046,1.1880569453559755,152,2.673620064699591,0.9808690507034532,9.242340060458037,42,0.7541783056451861,0.9620820096010302,0.8093764928572242,0.5110020219563988,0.806704248479754,84776.46210304397,213561000.37983856
2020,34502690.621967286,29291416.3971724,1.177911308696494,152,2.830399412236542,0.9906758884143736,9.15045351910917,41,0.7304949662445074,0.9501027758421288,0.8072447966618369,0.5101763197927999,0.8040350894237562,88947.54501504461,276249989.5536475
2021,35520279.289530225,29530587.814865418,1.2028300795167257,152,2.738985100556501,1.0143703248297304,7.734033209213423,47,0.72382898750558,0.9404184156292034,0.8224044250939361,0.5138935895755425,0.8189249536636914,91186.8123479997,387051519.24171305
2022,35628064.87761015,29764136.578420326,1.1970132170217664,152,3.1006724697903953,1.0976561565304317,10.014560760545379,46,0.7081125040007414,0.9405865177206729,0.801486140410489,0.5044844122842499,0.8000562551778231,93772.91346890773,504951331.2162563
2023,37284637.86619335,30006898.24491726,1.2425355517213057,152,3.669425212282354,1.1860071051081857,12.43932834730473,41,0.7480979461516518,0.9512168368762358,0.7964234122919679,0.5013748884700695,0.8020720415999159,88828.41702348294,959283710.5115321
2024,36864507.15501163,30263504.50204797,1.2181175895381502,152,3.435888781130115,1.1577595950417996,11.298810270435538,41,0.7393055688469029,0.9515229389519776,0.8061470038904079,0.5048280655693005,0.8040204398131304,90982.07308388647,632371248.2434081
