year,our_14_Mm3,gloria_15_20_Mm3,hybrid_total_20_Mm3,pct_14_in_hybrid_20,gloria_14_Mm3,gloria_1_20_Mm3,pct_gloria_14_in_gloria_20
1995,29369124.635424066,1230369.6712130317,30599494.306637097,95.97911763219511,24820300.598176256,26050670.269389287,95.27701338011725
1996,29516744.666529726,1259190.3430490326,30775935.009578757,95.90852286808794,26331196.957643848,27590387.30069288,95.43612661422333
1997,29734857.29533814,1297618.2828571366,31032475.578195274,95.81851509207698,26569159.85043746,27866778.13329459,95.34349368753625
1998,27989878.54613296,1262580.720347455,29252459.266480416,95.68384760800535,26615469.24274598,27878049.963093434,95.47105797565135
1999,31664865.852630917,1336404.0386665745,33001269.891297493,95.95044662502823,26739756.845209572,28076160.883876152,95.240075578018
2000,34376926.94349508,1418131.942295699,35795058.88579078,96.03819078264279,26004125.64635174,27422257.58864744,94.82853686385472
2001,34540565.46256885,1376727.220653043,35917292.68322189,96.16695157734938,26348708.66114209,27725435.881795134,95.03442533231002
2002,32710058.79965163,1405364.021911216,34115422.82156285,95.88056103170162,27131138.771845836,28536502.79375706,95.07520584400876
2003,32420245.7182612,1398779.3903436284,33819025.108604826,95.86392752052535,27367729.752295405,28766509.14263903,95.13747259562236
2004,32557386.192692265,1404074.3080866286,33961460.50077889,95.86568337349796,28420440.70739868,29824515.01548531,95.29221411527526
2005,33766848.627141155,1425437.8962496724,35192286.52339083,95.94957294035939,28925983.5884833,30351421.48473297,95.30355473806497
2006,35336385.44638552,1451536.8714195492,36787922.31780507,96.05431136099519,30059778.17974116,31511315.05116071,95.393601095153
2007,34389476.22060369,1375068.4493364801,35764544.669940166,96.15521891295819,31011667.528650638,32386735.977987126,95.75422342569159
2008,35462899.86308586,1340147.228823823,36803047.091909684,96.35859708714601,30157189.783719257,31497337.012543082,95.74520465558678
2009,34668644.470368944,1576195.1315890853,36244839.60195803,95.65125643015969,30488296.51519257,32064491.646781653,95.0842971441673
2010,32360090.848253556,1491353.528537922,33851444.37679148,95.59441685282891,31911527.1032331,33402880.631771017,95.5352547435103
2011,33616810.97850156,1494987.1515562127,35111798.130057774,95.74220851345001,31782126.325645894,33277113.47720211,95.50746144920166
2012,36364433.59019525,1538677.7759681123,37903111.366163366,95.94049744068845,30014129.118194625,31552806.894162737,95.12348368520975
2013,34676876.78182061,1550222.7422407703,36227099.52406138,95.72082015229748,29884140.394614615,31434363.136855386,95.06838189947865
2014,34911318.01951413,1474354.5868932093,36385672.60640734,95.94798039645534,28587987.978157572,30062342.565050777,95.09567631430284
2015,34476951.117257275,1477987.8333922322,35954938.95064951,95.88933293581483,29083826.475308493,30561814.30870073,95.16393948846334
2016,34390439.627943784,1447340.5993362046,35837780.22727999,95.96141114165748,28947173.501735583,30394514.101071786,95.23815187660735
2017,35387878.23625692,1557457.3209476764,36945335.5572046,95.78442772962184,29188246.68898158,30745704.009929255,94.93439044217463
2018,34434701.48887385,1516496.429689982,35951197.91856383,95.7817916578882,28796777.20564652,30313273.635336503,94.99725286046906
2019,34526634.74822525,1524988.1007786281,36051622.84900388,95.76998764475655,29061430.83729046,30586418.938069087,95.014165915054
2020,34502690.621967286,1536767.7517461684,36039458.373713456,95.73587445235565,29291416.3971724,30828184.148918565,95.0150558841784
2021,35520279.289530225,1548378.9286624822,37068658.218192704,95.82294314634092,29530587.814865418,31078966.743527897,95.01792018557076
2022,35628064.87761015,1559065.7766224702,37187130.654232614,95.80751257439375,29764136.578420326,31323202.355042793,95.02264883727169
2023,37284637.86619335,1572865.5597597251,38857503.425953075,95.95222178193464,30006898.24491726,31579763.804676984,95.0193878285854
2024,36864507.15501163,1584218.246744654,38448725.40175629,95.87965991020266,30263504.50204797,31847722.748792626,95.0256467024641
