FAO;CROPGRIDS
Abaca, manila hemp, raw;abaca
Agave fibres, raw, n.e.c.;agave
Almonds, in shell;almond
Anise, badian, coriander, cumin, caraway, fennel and juniper berries, raw;aniseetc
Apples;apple
Apricots;apricot
Areca nuts;areca
Artichokes;artichoke
Asparagus;asparagus
Avocados;avocado
Bambara beans, dry;bambara
Bananas;banana
Barley;barley
Beans, dry;bean
Blueberries;blueberry
Broad beans and horse beans, dry;broadbean
Broad beans and horse beans, green;broadbean
Buckwheat;buckwheat
Cabbages;cabbage
Canary seed;canaryseed
Cantaloupes and other melons;melonetc
Carrots and turnips;carrot
Cashew nuts, in shell;cashew
Cashewapple;cashewapple
Cassava leaves;cassava
Cassava, fresh;cassava 
Castor oil seeds;castor
Cauliflowers and broccoli;cauliflower
Cereals n.e.c.;cerealnes
Cereals, primary;No
Cherries;cherry
Chestnuts, in shell;chestnut
Chick peas, dry;chickpea
Chicory roots;chicory
Chillies and peppers, dry (Capsicum spp., Pimenta spp.), raw;chilleetc
Chillies and peppers, green (Capsicum spp. and Pimenta spp.);chilleetc
Cinnamon and cinnamon-tree flowers, raw;cinnamon
Citrus Fruit, Total;No
Cloves (whole stems), raw;clove
Cocoa beans;cocoa
Coconuts, in shell;coconut
Coffee, green;coffee
Coir, raw;coir
Cow peas, dry;cowpea
Cranberries;cranberry
Cucumbers and gherkins;cucumberetc
Currants;currant
Dates;date
Edible roots and tubers with high starch or inulin content, n.e.c., fresh;rootnes
Eggplants (aubergines);eggplant
Fibre Crops, Fibre Equivalent;fibrenes
Figs;fig
Flax, raw or retted;flax
Fonio;fonio
Fruit Primary;No
Ginger, raw;ginger
Gooseberries;gooseberry
Grapes;grape
Green corn (maize);maize
Green garlic;garlic
Groundnuts, excluding shelled;groundnut
Hazelnuts, in shell;hazelnut 
Hempseed;hempseed
Hop cones;hop
Jojoba seeds;No 
Jute, raw or retted;jute
Kapok fruit;kapokfiber
Karite nuts (sheanuts);karite
Kenaf, and other textile bast fibres, raw or retted;fibrenes
Kiwi fruit;kiwi
Kola nuts;kolanut
Leeks and other alliaceous vegetables;onion
Lemons and limes;lemonlime
Lentils, dry;lentil
Lettuce and chicory;lettuce
Linseed;linseed
Locust beans (carobs);carob
Lupins;lupin
Maize (corn);maize
Mangoes, guavas and mangosteens;mango
Maté leaves;mate
Melonseed;melonseed
Millet;millet
Mixed grain;mixedgrain
Mustard seed;mustard
Natural rubber in primary forms;rubber
Nutmeg, mace, cardamoms, raw;nutmeg
Oats;oats
Oil palm fruit;oilpalm
Oilcrops, Cake Equivalent;No
Oilcrops, Oil Equivalent;No
Okra;okra
Olives;olive
Onions and shallots, dry (excluding dehydrated);onion
Onions and shallots, green;greenonion
Oranges;orange
Other beans, green;bean
Other berries and fruits of the genus vaccinium n.e.c.;berrynes
Other citrus fruit, n.e.c.;citrusnes
Other fibre crops, raw, n.e.c.;fibrenes
Other fruits, n.e.c.;fruitnes
Other nuts (excluding wild edible nuts and groundnuts), in shell, n.e.c.;nutmeg
Other oil seeds, n.e.c.;oilseednes
Other pome fruits;apple
Other pulses n.e.c.;pulsenes
Other stimulant, spice and aromatic crops, n.e.c.;spicenes
Other stone fruits;stonefruitnes
Other sugar crops n.e.c.;sugarnes
Other tropical fruits, n.e.c.;tropicalnes
Other vegetables, fresh n.e.c.;vegfor
Papayas;papaya
Peaches and nectarines;peachetc
Pears;pear
Peas, dry;pea
Peas, green;pea
Pepper (Piper spp.), raw;pepper
Peppermint, spearmint;peppermint
Persimmons;persimmon
Pigeon peas, dry;pigeonpea
Pineapples;pineapple
Pistachios, in shell;pistachio
Plantains and cooking bananas;plantain
Plums and sloes;plum
Pomelos and grapefruits;grapefruitetc
Poppy seed;poppy
Potatoes;potato
Pulses, Total;No
Pumpkins, squash and gourds;pumpkinetc
Pyrethrum, dried flowers;pyrethrum
Quinces;quince
Quinoa;quinoa
Ramie, raw or retted;ramie
Rape or colza seed;rapeseed
Raspberries;rasberry
Rice;rice
Roots and Tubers, Total;No
Rye;rye
Safflower seed;safflower
Seed cotton, unginned;cotton
Sesame seed;sesame
Sisal, raw;sisal
Sorghum;sorghum
Sour cherries;sourcherry
Soya beans;soybean
Spinach;spinach
Strawberries;strawberry
String beans;stringbean
Sugar beet;sugarbeet
Sugar cane;sugarcane
Sugar Crops Primary;No
Sunflower seed;sunflower
Sweet potatoes;sweetpotato
Tallowtree seeds;other
Tangerines, mandarins, clementines;tangetc
Taro;taro
Tea leaves;tea
Tomatoes;tomato
Treenuts, Total;No
Triticale;triticale
True hemp, raw or retted;No
Tung nuts;tung
Unmanufactured tobacco;tobacco
Vanilla, raw;vanilla
Vegetables Primary;No
Vetches;vetch
Walnuts, in shell;walnut
Watermelons;watermelon
Wheat;wheat
x;No
Yams;yam
Yautia;yautia
